"codigo";"nome";"descricao";"mnemonico";"tipo";"itemexame";"sr_recno"
1.0;ÁCIDO ÚRICO;DETERMINAÇÃO QUANTITATIVA DE ÁCIDO ÚRICO;ACIU;BIOQUÍMICA;0;1
2.0;ALBUMINA;DETERMINAÇÃO QUANTITATIVA DE ALBUMINA;ALB;BIOQUÍMICA;0;2
3.0;ALFAFETOPROTEÍNA;DETERMINAÇÃO QUANTITATIVA DE ALFA FETOPROTEINA;ALFPROT;BIOQUÍMICA;0;3
5.0;AMILASE;DETERMINAÇÃO QUANTITATIVA DE AMILASE;AMI;BIOQUÍMICA;0;4
6.0;ANTICORPOS ANTI - HBS;ANTI - HBS - ANTICORPOS CONTRA ANTIGENO DE SUPERFI...;HBS;IMUNOLÓGICO;0;5
7.0;VITAMINA D;DETERMINAÇÃO QUANTITATIVA DE VITAMINA D;VITD;BIOQUÍMICA;0;6
8.0;VITAMINA B12;DETERMINAÇÃO QUANTITATIVA DE VITAMINA B12;B12;BIOQUÍMICA;0;7
11.0;VDRL;VDRL;VDRL;IMUNOLÓGICO;0;8
12.0;URÉIA;DETERMINAÇÃO QUANTITATIVA DE URÉIA;URE;BIOQUÍMICA;0;9
13.0;ANTICORPOS ANTI - HCV;ANTI - HCV - PESQUISA DE ANTICORPOS CONTRA O VIRUS...;AHCV;IMUNOLÓGICO;0;10
15.0;FERRO SÉRICO;DETERMINAÇÃO QUANTITATIVA DE FERRO SÉRICO;FER;BIOQUÍMICA;0;11
16.0;ANTICORPOS ANTI - HBC;ANTI HBC - ANTICORPOS CONTRA O ANTÍGENO CENTRAL DA...;HBC;IMUNOLÓGICO;0;12
20.0;FOSFATASE ALCALINA;DETERMINAÇÃO QUANTITATIVA DE FOSFATASE ALCALINA;FOSALC;BIOQUÍMICA;0;13
21.0;ANTI TIREOGLOBULINA;PESQUISA DE ANTICORPOS ANTI - TIREOGLOBULINA;ANTITG;IMUNOLÓGICO;0;14
23.0;TSH;DETERMINAÇÃO QUANTITATIVA DE TSH;TSH;DOSAGEM HORMONAL;0;15
24.0;FSH;DETERMINAÇÃO QUANTITATIVA DE FSH;FSH;DOSAGEM HORMONAL;0;16
25.0;T4;DETERMINAÇÃO QUANTITATIVA DE T4;T4;DOSAGEM HORMONAL;0;17
27.0;ASLO;DETERMINAÇÃO QUANTITATIVA DE ASLO;ASLO;IMUNOLÓGICO;0;18
28.0;GAMA-GT;DETERMINAÇÃO QUANTITATIVA DE GAMA-GT;GGT;BIOQUÍMICA;0;19
29.0;T4 livre;DETERMINAÇÃO QUANTITATIVA DE T4 LIVRE;T4L;DOSAGEM HORMONAL;0;20
30.0;BETA – HCG;DETERMINAÇÃO QUANTITATIVA DE BETA - HCG;BHCG;DOSAGEM HORMONAL;0;21
31.0;BILIRRUBINA TOTAL E FRAÇÕES;DETERMINAÇÃO QUANTITATIVA DE BILIRRUBINA TOTAL E FRAÇÕES;BILTOTFRA;BIOQUÍMICA;0;22
31.0;BILIRRUBINA TOTAL;DETERMINAÇÃO QUANTITATIVA DE BILIRRUBINA TOTAL E FRAÇÕES;BILTOTFRATOT;BIOQUÍMICA;1;23
31.0;BILIRRUBINA DIRETA;DETERMINAÇÃO QUANTITATIVA DE BILIRRUBINA TOTAL E FRAÇÕES;BILTOTFRADI;BIOQUÍMICA;1;24
31.0;BILIRRUBINA INDIRETA;DETERMINAÇÃO QUANTITATIVA DE BILIRRUBINA TOTAL E FRAÇÕES;BILTOTFRAIND;BIOQUÍMICA;1;25
32.0;INSULINA;DETERMINAÇÃO QUANTITATIVA DE INSULINA;INSU;DOSAGEM HORMONAL;0;26
33.0;T3 LIVRE;DETERMINAÇÃO QUANTITATIVA DE T3 LIVRE;T3L;DOSAGEM HORMONAL;0;27
34.0;CAPACIDADE DE LIGAÇÃO DE FERRO;DETERMINAÇÃO QUANTITAVA DE CAPACIDADE DE LIGAÇÃO D...;TIBC;BIOQUÍMICA;0;28
34.0;Ferro sérico;DETERMINAÇÃO QUANTITAVA DE CAPACIDADE DE LIGAÇÃO D...;TIBCFE;BIOQUÍMICA;1;29
34.0;Capacidade latente de fixação do ferro;DETERMINAÇÃO QUANTITAVA DE CAPACIDADE DE LIGAÇÃO D...;TIBCCLF;BIOQUÍMICA;1;30
34.0;Capacidade total de fixação do ferro;DETERMINAÇÃO QUANTITAVA DE CAPACIDADE DE LIGAÇÃO D...;TIBCCTF;BIOQUÍMICA;1;31
34.0;Índice de saturação da transferrina;DETERMINAÇÃO QUANTITAVA DE CAPACIDADE DE LIGAÇÃO D...;TIBCIST;BIOQUÍMICA;1;32
35.0;T3;DETERMINAÇÃO QUANTITATIVA DE T3;T3;DOSAGEM HORMONAL;0;33
36.0;HEMOGLOBINA GLICOSILADA;DETERMINAÇÃO QUANTITATIVA DE HEMOGLOBINA GLICOSILA...;HEMGLI;BIOQUÍMICA;0;34
36.0;Resultado;DETERMINAÇÃO QUANTITATIVA DE HEMOGLOBINA GLICOSILA...;HEMGLIRE;BIOQUÍMICA;1;35
36.0;Glicemia Média Estimada;DETERMINAÇÃO QUANTITATIVA DE HEMOGLOBINA GLICOSILA...;HEMGLIME;BIOQUÍMICA;1;36
37.0;POTÁSSIO;DETERMINAÇÃO QUANTITATIVA DE POTÁSSIO;POT;BIOQUÍMICA;0;37
38.0;CLEARENCE DE CREATININA;CLEARENCE DE CREATININA;CLCR;BIOQUÍMICA;0;38
38.0;Creatinina na urina;CLEARENCE DE CREATININA;CLCRURI;BIOQUÍMICA;1;39
38.0;Creatinina no soro;CLEARENCE DE CREATININA;CLCRSOR;BIOQUÍMICA;1;40
38.0;Superfície corporal;CLEARENCE DE CREATININA;CLCRSUC;BIOQUÍMICA;1;41
38.0;Volume Urinário em 24 horas;CLEARENCE DE CREATININA;CLCRVLU;BIOQUÍMICA;1;42
38.0;Peso do paciente;CLEARENCE DE CREATININA;CLCRPP;BIOQUÍMICA;1;43
38.0;Altura do paciente;CLEARENCE DE CREATININA;CLCRAL;BIOQUÍMICA;1;44
38.0;Depuração da Creatinina Endógena;CLEARENCE DE CREATININA;CLCRDEP;BIOQUÍMICA;1;45
39.0;IGM ANTI- CITOMEGALOVÍRUS;PESQUISA DE IGM ANTI - CITOMEGALOVÍRUS;CMVIGM;IMUNOLÓGICO;0;46
41.0;IGG ANTI - CITOMEGALOVÍRUS;PESQUISA DE IGG ANTI - CITOMEGALOVÍRUS;CMVIGG;IMUNOLÓGICO;0;47
42.0;TGO (AST);DETERMINAÇÃO QUANTITATIVA DE TGO (AST);TGO;BIOQUÍMICA;0;48
43.0;IGM ANTI – RUBELLA VÍRUS;PESQUISA DE IGM ANTI – RUBELLA VIRUS;RUBM;IMUNOLÓGICO;0;49
44.0;PROLACTINA;DETERMINAÇÃO QUANTITATIVA DE PROLACTINA;PROL;DOSAGEM HORMONAL;0;50
45.0;IGG ANTI – RUBELLA VÍRUS;PESQUISA DE IGG ANTI – RUBELLA VIRUS;RUBG;IMUNOLÓGICO;0;51
46.0;CK;DETERMINAÇÃO QUANTITATIVA DE CK;CK;BIOQUÍMICA;0;52
47.0;CKMB;DETERMINAÇÃO QUANTITATIVA DE CKMB;CKMB;BIOQUÍMICA;0;53
48.0;IGM ANTI – TOXOPLASMA GONDII;PESQUISA DE IGM ANTI – TOXOPLASMA GONDII;TOXOM;IMUNOLÓGICO;0;54
49.0;CREATININA;DETERMINAÇÃO QUANTITATIVA DE CREATININA;CR;BIOQUÍMICA;0;55
50.0;IGG ANTI – TOXOPLASMA GONDII;PESQUISA DE IGG ANTI – TOXOPLASMA GONDII;TOXOG;IMUNOLÓGICO;0;56
52.0;LH;DETERMINAÇÃO QUANTITATIVA DE LH;LH;DOSAGEM HORMONAL;0;57
53.0;LIPASE;DETERMINAÇÃO QUANTITATIVA DE LIPASE;LIP;BIOQUÍMICA;0;58
55.0;MAGNÉSIO;DETERMINAÇÃO QUANTITATIVA MAGNÉSIO;MAG;BIOQUÍMICA;0;59
56.0;ESTRADIOL;DETERMINAÇÃO QUANTITATIVA DE ESTRADIOL;EST;BIOQUÍMICA;0;60
58.0;PARATORMÔNIO;DETERMINAÇÃO QUANTITATIVA PARATORMÔNIO;PTH;DOSAGEM HORMONAL;0;61
61.0;FATOR REUMATÓIDE;DETERMINAÇÃO QUANTITATIVA DE FATOR REUMATÓIDE;FRL;BIOQUÍMICA;0;62
62.0;SÓDIO;DETERMINAÇÃO QUANTITATIVA DE SÓDIO;SOD;BIOQUÍMICA;0;63
63.0;FATOR DU;PESQUISA DE FATOR Du;TIPA;IMUNOHEMATOLÓGICO;0;64
64.0;TESTOSTERONA;DETERMINAÇÃO QUANTITATIVA DE TESTOSTERONA;TESTO;DOSAGEM HORMONAL;0;65
65.0;FATOR RH;PESQUISA DE FATOR RH;FATORRH;IMUNOHEMATOLÓGICO;0;66
66.0;FERRITINA;DETERMINAÇÃO QUANTITATIVA DE FERRITINA;FERRI;BIOQUÍMICA;0;67
67.0;TEMPO DE TROMBOPLASTINA PARCIAL ATIVADA;TEMPO DE TROMBOPLASTINA PARCIAL ATIVADO;KPTT;BIOQUÍMICA;0;68
68.0;HBSAG;PESQUISA DO ANTÍGENO DE SUPERFÍCIE DA HEPATITE B -...;HBSA;IMUNOLÓGICO;0;69
69.0;PROTEINÚRIA DE 24 HORAS;DETERMINAÇÃO QUANTITATIVA PROTEINÚRIA DE 24 HORAS;PTU24;BIOQUÍMICA;0;70
69.0;Resultado;DETERMINAÇÃO QUANTITATIVA PROTEINÚRIA DE 24 HORAS;PTU24RES;BIOQUÍMICA;1;71
69.0;Volume;DETERMINAÇÃO QUANTITATIVA PROTEINÚRIA DE 24 HORAS;PTU24VOL;BIOQUÍMICA;1;72
70.0;PROGESTERONA;DETERMINAÇÃO QUANTITATIVA PROGESTERONA;PROG;DOSAGEM HORMONAL;0;73
71.0;PROTEÍNAS TOTAIS E FRAÇÕES;DETERMINAÇÃO QUANTITATIVA DE PROTEÍNAS TOTAIS E FRAÇÕES;PTTOTFRA;BIOQUÍMICA;0;74
71.0;Proteínas Totais;DETERMINAÇÃO QUANTITATIVA DE PROTEÍNAS TOTAIS E FRAÇÕES;PROT;-;1;75
71.0;Albumina;DETERMINAÇÃO QUANTITATIVA DE PROTEÍNAS TOTAIS E FRAÇÕES;ALB;-;1;76
71.0;Globulina;DETERMINAÇÃO QUANTITATIVA DE PROTEÍNAS TOTAIS E FRAÇÕES;GLO;-;1;77
71.0;Relação A/G;DETERMINAÇÃO QUANTITATIVA DE PROTEÍNAS TOTAIS E FRAÇÕES;RELAG;-;1;78
72.0;TEMPO DE PROTROMBINA;TEMPO DE ATIVIDADE DE PROTROMBINA - TAP;TAP;BIOQUÍMICA;0;79
73.0;CORTISOL;DETERMINAÇÃO QUANTITATIVA DE CORTISOL;CORT;DOSAGEM HORMONAL;0;80
74.0;TGP (ALT);DETERMINAÇÃO QUANTITATIVA DE TGP (ALT);TGP;BIOQUÍMICA;0;81
75.0;ANTICORPOS ANTI - TREPONEMA PALLIDUM;PESQUISA DE ANTICORPOS ANTI - TREPONEMA PALLIDUM;TREP;IMUNOLÓGICO;0;82
76.0;CÁLCIO SÉRICO;DETERMINAÇÃO QUANTITATIVA DE CÁLCIO SÉRICO;CALSER;BIOQUÍMICA;0;83
77.0;CÁLCIO IONIZADO;DETERMINAÇÃO QUANTITATIVA DE CÁLCIO IÔNICO;CALION;BIOQUÍMICA;0;84
78.0;D-DÍMERO;DETERMINAÇÃO QUANTITATIVA DE D-DÍMERO;DDI;BIOQUÍMICA;0;85
79.0;FÓSFORO;DETERMINAÇÃO QUANTITATIVA DE FÓSFORO;FOSF;BIOQUÍMICA;0;86
81.0;GLICEMIA PÓS - PRANDIAL;DETERMINAÇÃO QUANTITATIVA DE GLICEMIA PÓS - PRANDIAL;GLIPP;BIOQUÍMICA;0;87
82.0;MICROALBUMINA (EM URINA DE 24HORAS);DETERMINAÇÃO QUANTITATIVA DE MICROALBUMINA;MICR;BIOQUÍMICA;0;88
82.0;RESULTADO;DETERMINAÇÃO QUANTITATIVA DE MICROALBUMINA;MICRRES;BIOQUÍMICA;1;89
82.0;VOLUME;DETERMINAÇÃO QUANTITATIVA DE MICROALBUMINA;MICRVOL;BIOQUÍMICA;1;90
83.0;PARASITOLÓGICO DE FEZES;EXAME PARASITOLÓGICO DE FEZES;EPFMIF;PARASITOLÓGICO;0;91
84.0;PCR;DETERMINAÇÃO QUANTITATIVA DE PCR;PCR;BIOQUÍMICA;0;92
85.0;PSA LIVRE;DETERMINAÇÃO QUANTITATIVA DE PSA LIVRE;PSAL;DOSAGEM HORMONAL;0;93
87.0;SDHEA;DETERMINAÇÃO QUANTITATIVA DE SDHEA;SDHEA;DOSAGEM HORMONAL;0;94
89.0;GLICEMIA DE JEJUM;DETERMINAÇÃO QUANTITATIVA DE GLICEMIA DE JEJUM;GLI;BIOQUÍMICA;0;95
90.0;LDH;DETERMINAÇÃO QUANTITATIVA DE LDH;LDH;BIOQUÍMICA;0;96
91.0;CLASSIFICAÇÃO SANGUÍNEA (ABO);CLASSIFICAÇÃO SANGUÍNEA - ABO;ABO;IMUNOHEMATOLÓGICO;0;97
92.0;CA 15.3;DETERMINAÇÃO QUANTITATIVA DE CA 15.3;CA153;BIOQUÍMICA;0;98
99.0;ANTI - TPO;PESQUISA DE ANTICORPOS ANTI - PEROXIDASE;TPO;IMUNOLÓGICO;0;99
100.0;CALCIÚRIA;DETERMINAÇÃO QUANTITATIVA DE CALCIÚRIA;CALCIURI;BIOQUÍMICA;0;100
101.0;CA 19.9;DETERMINAÇÃO QUANTITATIVA DE CA 19.9;CA19;BIOQUÍMICA;0;101
106.0;Teste Rápido Covid-19;TESTE RÁPIDO ANTÍGENO COVID-19;TRCV19;;0;102
107.0;CEA;CEA (ANTÍGENO CARCINOEMBRIOGÊNICO);CEA;BIOQUÍMICA;0;103
111.0;PRÓ-BNP;DETERMINAÇÃO QUANTITATIVA DE PRÓ-BNP - N-TERMINAL;BNP;BIOQUÍMICA;0;104
112.0;Procalcitonina;DETERMINAÇÃO QUANTITATIVA PROCALCITONINA;PROC;;0;105
114.0;PSA;DETERMINAÇÃO QUANTITATIVA DE PSA;PSAT;DOSAGEM HORMONAL;0;106
115.0;Glicemia de Jejum;Teste oral de tolerância à glicose;TOTG;BIOQUÍMICA;0;107
118.0;CA 125;DETERMINAÇÃO QUANTITATIVA DE CA 125;CA125;BIOQUÍMICA;0;108
122.0;Transferrina;DETERMINAÇÃO QUANTITATIVA DE TRANSFERRINA;TRF;BIOQUÍMICA;0;109
124.0;Triglicérides;DETERMINAÇÃO QUANTITATIVA DE TRIGLICÉRIDES;TRI;BIOQUÍMICA;0;110
125.0;COLESTEROL TOTAL E FRAÇÕES;DETERMINAÇÃO QUANTITATIVA DE COLESTEROL TOTAL E FRAÇÕES;COLTOTFRA;BIOQUÍMICA;0;111
125.0;COLESTEROL TOTAL;DETERMINAÇÃO QUANTITATIVA DE COLESTEROL TOTAL E FRAÇÕES;COLTOTFRATOT;-;1;112
125.0;COLESTEROL HDL;DETERMINAÇÃO QUANTITATIVA DE COLESTEROL TOTAL E FRAÇÕES;COLTOTFRAHDL;-;1;113
125.0;COLESTEROL LDL;DETERMINAÇÃO QUANTITATIVA DE COLESTEROL TOTAL E FRAÇÕES;COLTOTFRALDL;-;1;114
125.0;COLESTEROL VLD;DETERMINAÇÃO QUANTITATIVA DE COLESTEROL TOTAL E FRAÇÕES;COLTOTFRAVLDL;-;1;115
125.0;TRIGLICÉRIDES;DETERMINAÇÃO QUANTITATIVA DE COLESTEROL TOTAL E FRAÇÕES;COLTOTFRATRI;-;1;116
126.0;SUMÁRIO DE URINA;SUMÁRIO DE URINA;SUMURI;BIOQUÍMICA;0;117
127.0;HEMOGRAMA COMPLETO;HEMOGRAMA COMPLETO;HEMCOM;HEMATOLÓGICO;0;118
127.0;Hemácias;HEMOGRAMA COMPLETO;HEM;-;1;119
127.0;Hemoglobina;HEMOGRAMA COMPLETO;HEMO;-;1;120
127.0;Hematócrito;HEMOGRAMA COMPLETO;HEMA;-;1;121
127.0;V.C.M.;HEMOGRAMA COMPLETO;VCM;-;1;122
127.0;H.C.M.;HEMOGRAMA COMPLETO;HCM;-;1;123
127.0;C.H.C.M.;HEMOGRAMA COMPLETO;CHCM;-;1;124
127.0;RDW;HEMOGRAMA COMPLETO;RDW;-;1;125
127.0;Leucócitos totais;HEMOGRAMA COMPLETO;LEU;-;1;126
127.0;Neutrófilo total;HEMOGRAMA COMPLETO;NEU;-;1;127
127.0;Mielócitos;HEMOGRAMA COMPLETO;MIE;-;1;128
127.0;Metamielócitos;HEMOGRAMA COMPLETO;MET;-;1;129
127.0;Bastonetes;HEMOGRAMA COMPLETO;BAST;-;1;130
127.0;Segmentados;HEMOGRAMA COMPLETO;SEG;-;1;131
127.0;Eosinófilos;HEMOGRAMA COMPLETO;EOS;-;1;132
127.0;Basófilos;HEMOGRAMA COMPLETO;BAS;-;1;133
127.0;Linfócitos;HEMOGRAMA COMPLETO;LIN;-;1;134
127.0;Linfócitos Atípicos;HEMOGRAMA COMPLETO;LIFATIP;-;1;135
127.0;Monócitos;HEMOGRAMA COMPLETO;MON;-;1;136
127.0;Plaquetas;HEMOGRAMA COMPLETO;PLA;-;1;137
127.0;P.D.W.;HEMOGRAMA COMPLETO;PDW;-;1;138
127.0;V.P.M.;HEMOGRAMA COMPLETO;VPM;-;1;139
127.0;Absoluto Neutrófilo Total;HEMOGRAMA COMPLETO;ABSNEUTO;-;1;140
127.0;Absoluto Mielócitos;HEMOGRAMA COMPLETO;ABSMIE;-;1;141
127.0;Absoluto Metamielócitos;HEMOGRAMA COMPLETO;ABSMET;-;1;142
127.0;Absoluto Bastonetes;HEMOGRAMA COMPLETO;ABSBASTON;-;1;143
127.0;Absoluto Segmentados;HEMOGRAMA COMPLETO;ABSSEG;-;1;144
127.0;Absoluto Eosinófilos;HEMOGRAMA COMPLETO;ABSEOS;-;1;145
127.0;Absoluto Basófilos;HEMOGRAMA COMPLETO;ABSBAS;-;1;146
127.0;Absoluto Linfócitos;HEMOGRAMA COMPLETO;ABSLIN;-;1;147
127.0;Absoluto Linfócitos Atípicos;HEMOGRAMA COMPLETO;ABSLINFOCI;-;1;148
127.0;Absoluto Monócitos;HEMOGRAMA COMPLETO;ABSMON;-;1;149
131.0;COAGULOGRAMA;COAGULOGRAMA;COAG;BIOQUÍMICA;0;150
131.0;TP - Tempo de protrombina;COAGULOGRAMA;COAGTP;BIOQUÍMICA;1;151
131.0;Atividade de protrombina;COAGULOGRAMA;COAGAP;BIOQUÍMICA;1;152
131.0;RNI;COAGULOGRAMA;COAGRNI;BIOQUÍMICA;1;153
131.0;TTPA - Tempo de Tromboplastina Parcial Ativada;COAGULOGRAMA;COAGTTPA;BIOQUÍMICA;1;154
131.0;Plaquetas;COAGULOGRAMA;COAGTTPLA;BIOQUÍMICA;1;155
132.0;Teste Rápido para HIV I/II;TESTE RÁPIDO PARA DETECÇÃO DE HIV;TRHIV;;0;156
132.0;Resultado;TESTE RÁPIDO PARA DETECÇÃO DE HIV;TRHIVRES;;1;157
132.0;Validade;TESTE RÁPIDO PARA DETECÇÃO DE HIV;TRHIVVAL;;1;158
132.0;Lote;TESTE RÁPIDO PARA DETECÇÃO DE HIV;TRHIVLOT;;1;159
132.0;Fabricante;TESTE RÁPIDO PARA DETECÇÃO DE HIV;TRHIVFAB;;1;160
133.0;Teste Rápido para Hepatite B (HBsAg);TESTE RÁPIDO PARA DETECÇÃO HEPATITE B (HBsAg);TRHB;;0;161
133.0;Resultado;TESTE RÁPIDO PARA DETECÇÃO HEPATITE B (HBsAg);TRHBRES;;1;162
133.0;Validade;TESTE RÁPIDO PARA DETECÇÃO HEPATITE B (HBsAg);TRHBVAL;;1;163
133.0;Lote;TESTE RÁPIDO PARA DETECÇÃO HEPATITE B (HBsAg);TRHBLOT;;1;164
133.0;Fabricante;TESTE RÁPIDO PARA DETECÇÃO HEPATITE B (HBsAg);TRHBFAB;;1;165
134.0;Teste Rápido para Hepatite C (HCV);TESTE RÁPIDO PARA DETECÇÃO HEPATITE C (HCV);TRHC;;0;166
134.0;Resultado;TESTE RÁPIDO PARA DETECÇÃO HEPATITE C (HCV);TRHCBRES;;1;167
134.0;Validade;TESTE RÁPIDO PARA DETECÇÃO HEPATITE C (HCV);TRHCBVAL;;1;168
134.0;Lote;TESTE RÁPIDO PARA DETECÇÃO HEPATITE C (HCV);TRHCBLOT;;1;169
134.0;Fabricante;TTESTE RÁPIDO PARA DETECÇÃO HEPATITE C (HCV);TRHCBFAB;;1;170
135.0;Teste Rápido para Sífilis Treponêmico;TESTE RÁPIDO PARA DETECÇÃO DE SÍFILIS TREPONÊMICO;TRST;;0;171
135.0;Resultado;TESTE RÁPIDO PARA DETECÇÃO DE SÍFILIS TREPONÊMICO;TRSTRES;;1;172
135.0;Amostra;TESTE RÁPIDO PARA DETECÇÃO DE SÍFILIS TREPONÊMICO;TRSTVAL;;1;173
135.0;Controle;TESTE RÁPIDO PARA DETECÇÃO DE SÍFILIS TREPONÊMICO;TRSTFAB;;1;174
136.0;Baciloscopia para Tuberculose (BK);BACILOSCOPIA PARA TUBERCULOSE (BK);BATU;;0;175
136.0;Resultado;BACILOSCOPIA PARA TUBERCULOSE (BK);BATURES;;1;176
136.0;Amostra;BACILOSCOPIA PARA TUBERCULOSE (BK);BATUAMO;;1;177
136.0;Controle;BACILOSCOPIA PARA TUBERCULOSE (BK);BATUCON;;1;178
137.0;Cultura para Tuberculose;CULTURA PARA TUBERCULOSE;CUTU;;0;179
137.0;Resultado;CULTURA PARA TUBERCULOSE;CUTURES;;1;180
137.0;Amostra;CULTURA PARA TUBERCULOSE;CUTUAMO;;1;181
137.0;Controle;CULTURA PARA TUBERCULOSE;CUTUMET;;1;182
138.0;Teste Rápido Molecular para Tuberculose (TRM-TB);TESTE RÁPIDO MOLECULAR PARA TUBERCULOSE (TRM-TB);TRMT;;0;183
138.0;DNA;TESTE RÁPIDO MOLECULAR PARA TUBERCULOSE (TRM-TB);TRMTDNA;;1;184
138.0;Rifampicina;TESTE RÁPIDO MOLECULAR PARA TUBERCULOSE (TRM-TB);TRMTRIFA;;1;185
138.0;Amostra;TESTE RÁPIDO MOLECULAR PARA TUBERCULOSE (TRM-TB);TRMTAMO;;1;186
139.0;Glicemia aos 30min;Teste de tolerância oral à glicose - Glicemia aos 30min;TOTG30M;BIOQUÍMICA;0;187
140.0;Glicemia aos 60min;Teste de tolerância oral à glicose - Glicemia aos 60min;TOTG60M;BIOQUÍMICA;0;188
141.0;Glicemia aos 120min;Teste de tolerância oral à glicose - Glicemia aos 120min;TOTG120M;BIOQUÍMICA;0;189
142.0;Troponina;DOSAGEM DE TROPONINA;TROP;BIOQUÍMICA;0;190
143.0;Velocidade de Hemossedimentação (VHS);DETERMINAÇÃO DE VELOCIDADE DE HEMOSSEDIMENTAÇÃO (VHS);VHS;;0;191
144.0;Coombs Direto;COOMBS DIRETO;COMBDIRE;;0;192
145.0;Coombs Indireto;COOMBS INDIRETO;COMBINDI;;0;193
146.0;Reticulócitos;CONTAGEM DE RETICULOCITOS;RET;;0;194
148.0;Colesterol Total;DOSAGEM DE COLESTEROL TOTAL;COLTOT;;0;195
149.0;PCR Látex;PCR Látex;PCRL;;0;196
150.0;Beta HCG Qualitativo;DOSAGEM DE GONADOTROFINA CORIONICA HUMANA (HCG,BETA HCG);GONCORBET;;0;197
208.0;Relação Proteinúria / Creatinina;RELAÇÃO PROTENÚRIA / CREATININA;PROCRE;Bioquímica;0;198
208.0;Proteinúria Parcila;RELAÇÃO PROTEINÚRIA / CREATININA;PROCREPA;-;1;199
208.0;Creatinina Urinária;RELAÇÃO PROTEINÚRIA / CREATININA;PROCRECU;-;1;200
208.0;Relação Proteína/Creatinina;RELAÇÃO PROTEINÚRIA / CREATININA;PROCRERE;-;1;201
211.0;GASOMETRIA ARTERIAL;GASOMETRIA ARTERIAL;GASO;Bioquímica;0;202
211.0;PH;GASOMETRIA ARTERIAL;GASOPH;Bioquímica;1;203
211.0;PCO2;GASOMETRIA ARTERIAL;GASOPCO;Bioquímica;1;204
211.0;PO2;GASOMETRIA ARTERIAL;GASOPO;Bioquímica;1;205
211.0;SO2;GASOMETRIA ARTERIAL;GASOSO;Bioquímica;1;206
211.0;CTHB;GASOMETRIA ARTERIAL;GASOCT;Bioquímica;1;207
211.0;FO2HB;GASOMETRIA ARTERIAL;GASOFO;Bioquímica;1;208
211.0;FCOHB;GASOMETRIA ARTERIAL;GASOFC;Bioquímica;1;209
211.0;FMETHB;GASOMETRIA ARTERIAL;GASOFM;Bioquímica;1;210
211.0;FHHB;GASOMETRIA ARTERIAL;GASOFH;Bioquímica;1;211
211.0;K+;GASOMETRIA ARTERIAL;GASOK;Bioquímica;1;212
211.0;NA+;GASOMETRIA ARTERIAL;GASONA;Bioquímica;1;213
211.0;CA2+ (ionizado);GASOMETRIA ARTERIAL;GASOCA;Bioquímica;1;214
211.0;GLICOSE;GASOMETRIA ARTERIAL;GASOGL;Bioquímica;1;215
211.0;LACTATO;GASOMETRIA ARTERIAL;GASOLAC;Bioquímica;1;216
211.0;HCO3-;GASOMETRIA ARTERIAL;GASOHCO;Bioquímica;1;217
211.0;EXCESSO DE BASE (BE);GASOMETRIA ARTERIAL;GASOBE;Bioquímica;1;218
211.0;ANION GAP;GASOMETRIA ARTERIAL;GASOANI;Bioquímica;1;219
211.0;HEMATÓCRITO (CALC);GASOMETRIA ARTERIAL;GASOHEM;Bioquímica;1;220
211.0;P50;GASOMETRIA ARTERIAL;GASOP50;Bioquímica;1;221
212.0;DOSAGEM DE LACTATO;DOSAGEM DE LACTATO;LAC;Bioquímica;0;222
212.0;NEONATOS;DOSAGEM DE LACTATO;LACNEO;Bioquímica;1;223
212.0;"03 a 10 DIAS";DOSAGEM DE LACTATO;LACDI;Bioquímica;1;224
212.0;MAIS DO QUE 10 DIAS;DOSAGEM DE LACTATO;LACMA;Bioquímica;1;225
212.0;PLASMA ARTERIAL;DOSAGEM DE LACTATO;LACPLASA;Bioquímica;1;226
212.0;PLASMA VENOSO;DOSAGEM DE LACTATO;LACPLASVE;Bioquímica;1;227
213.0;DOSAGEM DE CLORETO;DOSAGEM DE CLORETO;CLORETO;Bioquímica;0;228
214.0;TESTE RÁPIDO PARA ANTI-HIV EM PARCEIRO OU PARCERIA DE GESTANTE;TESTE RÁPIDO PARA ANTI-HIV EM PARCEIRO OU PARCERIA DE GESTANTE;TRHIVP;Microbiologia;0;229
215.0;TESTE RÁPIDO PARA ANTI-HIV EM GESTANTE;TESTE RÁPIDO PARA DETECÇÃO DE ANTICORPOS ANTI-HIV EM GESTANTE;TRHIVG;Microbiologia;0;230
217.0;RELAÇÃO PROTEINA/CREATININA;RELAÇÃO PROTEINA/CREATININA;PROCREA;Bioquímica;0;231
217.0;Proteinúria Parcial;RELAÇÃO PROTEINA/CREATININA;PROCREAPP;Bioquímica;1;232
217.0;Creatinina Urinaria;RELAÇÃO PROTEINA/CREATININA;PROCREACU;Bioquímica;1;233
217.0;Relacao Proteina/Creatinina;RELAÇÃO PROTEINA/CREATININA;PROCREARPC;Bioquímica;1;234
218.0;GRUPO SANGUINEO E FATOR RH;DETERMINACAO DIRETA E REVERSA DE GRUPO ABO;GS/FRH;Imuno-hematológico;0;235
219.0;CULTURA QUANTITATIVA E ANTIBIOGRAMA ASPIRADO TRAQUEAL;CULTURA QUANTITATIVA E ANTIBIOGRAMA ASPIRADO TRAQUEAL;CQAAT;Microbiologia;0;236
221.0;ANTI-DNA (HÉLICE SIMPLES);ANTI-DNA (HÉLICE SIMPLES);ANTIDNAHS;Imuno-hematológico;0;237
222.0;CARIÓTIPO COM BANDA G;CARIÓTIPO COM BANDA G;CARIBG;Imagem;0;238
223.0;PESQUISA DE ANTICOAGULANTE LÚPICO;PESQUISA DE ANTICOAGULANTE LÚPICO;PDALU;Hematologia;0;239
224.0;ALFA HIDROXI PROGESTERONA;ALFA HIDROXI PROGESTERONA;ALFAHP;Dosagem hormonal;0;240
225.0;TESTES DO PEZINHO - PERFIL AMPLIADO;TESTES DO PEZINHO - PERFIL AMPLIADO;PEZIN;Dosagem hormonal;0;241
226.0;HEMOCULTURA AUTOMATIZADA AERÓBIA - 1º AMOSTRA;HEMOCULTURA AUTOMATIZADA AERÓBIA - 1º AMOSTRA;HEMOAA;Microbiologia;0;242
